P1382_tile_000_000.png|P1382|||||||test|
P1382_tile_000_001.png|P1382|||||||test|
P1382_tile_000_002.png|P1382|||||||test|
P1382_tile_000_003.png|P1382|||||||test|
P1382_tile_000_004.png|P1382|||||||test|
P1382_tile_000_005.png|P1382|||||||test|
P1382_tile_001_000.png|P1382|||||||test|
P1382_tile_001_001.png|P1382|||||||test|
P1382_tile_001_002.png|P1382|||||||test|
P1382_tile_001_003.png|P1382|||||||test|
P1382_tile_001_004.png|P1382|||||||test|
P1382_tile_001_005.png|P1382|||||||test|
P1382_tile_002_000.png|P1382|||||||test|
P1382_tile_002_001.png|P1382|||||||test|
P1382_tile_002_002.png|P1382|||||||test|
P1382_tile_002_003.png|P1382|||||||test|
P1382_tile_002_004.png|P1382|||||||test|
P1382_tile_002_005.png|P1382|||||||test|
P1382_tile_003_000.png|P1382|||||||test|
P1382_tile_003_001.png|P1382|||||||test|
P1382_tile_003_002.png|P1382|||||||test|
P1382_tile_003_003.png|P1382|||||||test|
P1382_tile_003_004.png|P1382|||||||test|
P1382_tile_003_005.png|P1382|||||||test|
P1382_tile_004_000.png|P1382|||||||test|
P1382_tile_004_001.png|P1382|||||||test|
P1382_tile_004_002.png|P1382|||||||test|
P1382_tile_004_003.png|P1382|||||||test|
P1382_tile_004_004.png|P1382|||||||test|
P1382_tile_004_005.png|P1382|||||||test|
P1382_tile_005_000.png|P1382|||||||test|
P1382_tile_005_001.png|P1382|||||||test|
P1382_tile_005_002.png|P1382|||||||test|
P1382_tile_005_003.png|P1382|||||||test|
P1382_tile_005_004.png|P1382|||||||test|
P1382_tile_005_005.png|P1382|||||||test|
P1382_tile_006_000.png|P1382|||||||test|
P1382_tile_006_001.png|P1382|||||||test|
P1382_tile_006_002.png|P1382|||||||test|
P1382_tile_006_003.png|P1382|||||||test|
P1382_tile_006_004.png|P1382|||||||test|
P1382_tile_006_005.png|P1382|||||||test|
P1382_tile_007_000.png|P1382|||||||test|
P1382_tile_007_001.png|P1382|||||||test|
P1382_tile_007_002.png|P1382|||||||test|
P1382_tile_007_003.png|P1382|||||||test|
P1382_tile_007_004.png|P1382|||||||test|
P1382_tile_007_005.png|P1382|||||||test|
P1382_tile_008_000.png|P1382|||||||test|
P1382_tile_008_001.png|P1382|||||||test|
P1382_tile_008_002.png|P1382|||||||test|
P1382_tile_008_003.png|P1382|||||||test|
P1382_tile_008_004.png|P1382|||||||test|
P1382_tile_008_005.png|P1382|||||||test|
P1382_tile_009_000.png|P1382|||||||test|
P1382_tile_009_001.png|P1382|||||||test|
P1382_tile_009_002.png|P1382|||||||test|
P1382_tile_009_003.png|P1382|||||||test|
P1382_tile_009_004.png|P1382|||||||test|
P1382_tile_009_005.png|P1382|||||||test|
P1387_tile_000_000.png|P1387|||||||test|
P1387_tile_000_001.png|P1387|||||||test|
P1387_tile_000_002.png|P1387|||||||test|
P1387_tile_000_003.png|P1387|||||||test|
P1387_tile_000_004.png|P1387|||||||test|
P1387_tile_000_005.png|P1387|||||||test|
P1387_tile_000_006.png|P1387|||||||test|
P1387_tile_000_007.png|P1387|||||||test|
P1387_tile_001_000.png|P1387|||||||test|
P1387_tile_001_001.png|P1387|||||||test|
P1387_tile_001_002.png|P1387|||||||test|
P1387_tile_001_003.png|P1387|||||||test|
P1387_tile_001_004.png|P1387|||||||test|
P1387_tile_001_005.png|P1387|||||||test|
P1387_tile_001_006.png|P1387|||||||test|
P1387_tile_001_007.png|P1387|||||||test|
P1387_tile_002_000.png|P1387|||||||test|
P1387_tile_002_001.png|P1387|||||||test|
P1387_tile_002_002.png|P1387|||||||test|
P1387_tile_002_003.png|P1387|||||||test|
P1387_tile_002_004.png|P1387|||||||test|
P1387_tile_002_005.png|P1387|||||||test|
P1387_tile_002_006.png|P1387|||||||test|
P1387_tile_002_007.png|P1387|||||||test|
P1387_tile_003_000.png|P1387|||||||test|
P1387_tile_003_001.png|P1387|||||||test|
P1387_tile_003_002.png|P1387|||||||test|
P1387_tile_003_003.png|P1387|||||||test|
P1387_tile_003_004.png|P1387|||||||test|
P1387_tile_003_005.png|P1387|||||||test|
P1387_tile_003_006.png|P1387|||||||test|
P1387_tile_003_007.png|P1387|||||||test|
P1387_tile_004_000.png|P1387|||||||test|
P1387_tile_004_001.png|P1387|||||||test|
P1387_tile_004_002.png|P1387|||||||test|
P1387_tile_004_003.png|P1387|||||||test|
P1387_tile_004_004.png|P1387|||||||test|
P1387_tile_004_005.png|P1387|||||||test|
P1387_tile_004_006.png|P1387|||||||test|
P1387_tile_004_007.png|P1387|||||||test|
P1869_tile_000_000.png|P1869|||||||test|
P1869_tile_000_001.png|P1869|||||||test|
P1869_tile_000_002.png|P1869|||||||test|
P1869_tile_000_003.png|P1869|||||||test|
P1869_tile_000_004.png|P1869|||||||test|
P1869_tile_000_005.png|P1869|||||||test|
P1869_tile_000_006.png|P1869|||||||test|
P1869_tile_000_007.png|P1869|||||||test|
P1869_tile_000_008.png|P1869|||||||test|
P1869_tile_000_009.png|P1869|||||||test|
P1869_tile_001_000.png|P1869|||||||test|
P1869_tile_001_001.png|P1869|||||||test|
P1869_tile_001_002.png|P1869|||||||test|
P1869_tile_001_003.png|P1869|||||||test|
P1869_tile_001_004.png|P1869|||||||test|
P1869_tile_001_005.png|P1869|||||||test|
P1869_tile_001_006.png|P1869|||||||test|
P1869_tile_001_007.png|P1869|||||||test|
P1869_tile_001_008.png|P1869|||||||test|
P1869_tile_001_009.png|P1869|||||||test|
P1869_tile_002_000.png|P1869|||||||test|
P1869_tile_002_001.png|P1869|||||||test|
P1869_tile_002_002.png|P1869|||||||test|
P1869_tile_002_003.png|P1869|||||||test|
P1869_tile_002_004.png|P1869|||||||test|
P1869_tile_002_005.png|P1869|||||||test|
P1869_tile_002_006.png|P1869|||||||test|
P1869_tile_002_007.png|P1869|||||||test|
P1869_tile_002_008.png|P1869|||||||test|
P1869_tile_002_009.png|P1869|||||||test|
P1869_tile_003_000.png|P1869|||||||test|
P1869_tile_003_001.png|P1869|||||||test|
P1869_tile_003_002.png|P1869|||||||test|
P1869_tile_003_003.png|P1869|||||||test|
P1869_tile_003_004.png|P1869|||||||test|
P1869_tile_003_005.png|P1869|||||||test|
P1869_tile_003_006.png|P1869|||||||test|
P1869_tile_003_007.png|P1869|||||||test|
P1869_tile_003_008.png|P1869|||||||test|
P1869_tile_003_009.png|P1869|||||||test|
P1869_tile_004_000.png|P1869|||||||test|
P1869_tile_004_001.png|P1869|||||||test|
P1869_tile_004_002.png|P1869|||||||test|
P1869_tile_004_003.png|P1869|||||||test|
P1869_tile_004_004.png|P1869|||||||test|
P1869_tile_004_005.png|P1869|||||||test|
P1869_tile_004_006.png|P1869|||||||test|
P1869_tile_004_007.png|P1869|||||||test|
P1869_tile_004_008.png|P1869|||||||test|
P1869_tile_004_009.png|P1869|||||||test|
P1869_tile_005_000.png|P1869|||||||test|
P1869_tile_005_001.png|P1869|||||||test|
P1869_tile_005_002.png|P1869|||||||test|
P1869_tile_005_003.png|P1869|||||||test|
P1869_tile_005_004.png|P1869|||||||test|
P1869_tile_005_005.png|P1869|||||||test|
P1869_tile_005_006.png|P1869|||||||test|
P1869_tile_005_007.png|P1869|||||||test|
P1869_tile_005_008.png|P1869|||||||test|
P1869_tile_005_009.png|P1869|||||||test|
P2759_tile_000_000.png|P2759|||||||test|
P2759_tile_000_001.png|P2759|||||||test|
P2759_tile_000_002.png|P2759|||||||test|
P2759_tile_000_003.png|P2759|||||||test|
P2759_tile_000_004.png|P2759|||||||test|
P2759_tile_000_005.png|P2759|||||||test|
P2759_tile_000_006.png|P2759|||||||test|
P2759_tile_000_007.png|P2759|||||||test|
P2759_tile_000_008.png|P2759|||||||test|
P2759_tile_000_009.png|P2759|||||||test|
P2759_tile_000_010.png|P2759|||||||test|
P2759_tile_001_000.png|P2759|||||||test|
P2759_tile_001_001.png|P2759|||||||test|
P2759_tile_001_002.png|P2759|||||||test|
P2759_tile_001_003.png|P2759|||||||test|
P2759_tile_001_004.png|P2759|||||||test|
P2759_tile_001_005.png|P2759|||||||test|
P2759_tile_001_006.png|P2759|||||||test|
P2759_tile_001_007.png|P2759|||||||test|
P2759_tile_001_008.png|P2759|||||||test|
P2759_tile_001_009.png|P2759|||||||test|
P2759_tile_001_010.png|P2759|||||||test|
P2759_tile_002_000.png|P2759|||||||test|
P2759_tile_002_001.png|P2759|||||||test|
P2759_tile_002_002.png|P2759|||||||test|
P2759_tile_002_003.png|P2759|||||||test|
P2759_tile_002_004.png|P2759|||||||test|
P2759_tile_002_005.png|P2759|||||||test|
P2759_tile_002_006.png|P2759|||||||test|
P2759_tile_002_007.png|P2759|||||||test|
P2759_tile_002_008.png|P2759|||||||test|
P2759_tile_002_009.png|P2759|||||||test|
P2759_tile_002_010.png|P2759|||||||test|
P2759_tile_003_000.png|P2759|||||||test|
P2759_tile_003_001.png|P2759|||||||test|
P2759_tile_003_002.png|P2759|||||||test|
P2759_tile_003_003.png|P2759|||||||test|
P2759_tile_003_004.png|P2759|||||||test|
P2759_tile_003_005.png|P2759|||||||test|
P2759_tile_003_006.png|P2759|||||||test|
P2759_tile_003_007.png|P2759|||||||test|
P2759_tile_003_008.png|P2759|||||||test|
P2759_tile_003_009.png|P2759|||||||test|
P2759_tile_003_010.png|P2759|||||||test|
P2759_tile_004_000.png|P2759|||||||test|
P2759_tile_004_001.png|P2759|||||||test|
P2759_tile_004_002.png|P2759|||||||test|
P2759_tile_004_003.png|P2759|||||||test|
P2759_tile_004_004.png|P2759|||||||test|
P2759_tile_004_005.png|P2759|||||||test|
P2759_tile_004_006.png|P2759|||||||test|
P2759_tile_004_007.png|P2759|||||||test|
P2759_tile_004_008.png|P2759|||||||test|
P2759_tile_004_009.png|P2759|||||||test|
P2759_tile_004_010.png|P2759|||||||test|
P2759_tile_005_000.png|P2759|||||||test|
P2759_tile_005_001.png|P2759|||||||test|
P2759_tile_005_002.png|P2759|||||||test|
P2759_tile_005_003.png|P2759|||||||test|
P2759_tile_005_004.png|P2759|||||||test|
P2759_tile_005_005.png|P2759|||||||test|
P2759_tile_005_006.png|P2759|||||||test|
P2759_tile_005_007.png|P2759|||||||test|
P2759_tile_005_008.png|P2759|||||||test|
P2759_tile_005_009.png|P2759|||||||test|
P2759_tile_005_010.png|P2759|||||||test|
